<?xml version="1.0" encoding="UTF-8"?>
<project-private xmlns="http://www.netbeans.org/ns/project-private/1">
    <editor-bookmarks xmlns="http://www.netbeans.org/ns/editor-bookmarks/2" lastBookmarkId="0"/>
    <open-files xmlns="http://www.netbeans.org/ns/projectui-open-files/2">
        <group>
            <file>file:/C:/Users/User/OneDrive/MIT/term3/COIT20257_2201_Distributed%20Systems%20Principles%20and%20Development/Assignment2/Assignment2/src/assignment2/CastService.java</file>
            <file>file:/C:/Users/User/OneDrive/MIT/term3/COIT20257_2201_Distributed%20Systems%20Principles%20and%20Development/Assignment2/Assignment2/src/assignment2/PeerGUI.java</file>
            <file>file:/C:/Users/User/OneDrive/MIT/term3/COIT20257_2201_Distributed%20Systems%20Principles%20and%20Development/Assignment2/Assignment2/src/assignment2/AnswerService.java</file>
            <file>file:/C:/Users/User/OneDrive/MIT/term3/COIT20257_2201_Distributed%20Systems%20Principles%20and%20Development/Assignment2/Assignment2/src/assignment2/MulticastPeer.java</file>
            <file>file:/C:/Users/User/OneDrive/MIT/term3/COIT20257_2201_Distributed%20Systems%20Principles%20and%20Development/Assignment2/Assignment2/nbproject/build-impl.xml</file>
            <file>file:/C:/Users/User/OneDrive/MIT/term3/COIT20257_2201_Distributed%20Systems%20Principles%20and%20Development/Assignment2/Assignment2/src/assignment2/ReceiveService.java</file>
        </group>
    </open-files>
</project-private>
